wav_path,label
audio/Tel-Caroline/andrea2/andrea-2-66.wav,andrea
audio/Tel-Andrea/andrea3/andrea-3-51.wav,andrea
audio/Tel-Caroline/andrea2/andrea-2-16.wav,andrea
audio/Tel-Caroline/andrea/andrea-43.wav,andrea
audio/Tel-Andrea/andrea3/andrea-3-32.wav,andrea
audio/Tel-Andrea/andrea3/andrea-3-75.wav,andrea
audio/Tel-Caroline/andrea/andrea-14.wav,andrea
audio/Tel-Caroline/andrea2/andrea-2-70.wav,andrea
audio/Tel-Andrea/andrea3/andrea-3-71.wav,andrea
audio/Tel-Caroline/andrea/andrea-36.wav,andrea
audio/Tel-Caroline/andrea/andrea-27.wav,andrea
audio/Tel-Caroline/andrea2/andrea-2-49.wav,andrea
audio/Tel-Caroline/andrea/andrea-37.wav,andrea
audio/Tel-Caroline/andrea/andrea-19.wav,andrea
audio/Tel-Andrea/andrea3/andrea-3-18.wav,andrea
audio/Tel-Andrea/andrea3/andrea-3-10.wav,andrea
audio/Tel-Andrea/andrea3/andrea-3-79.wav,andrea
audio/Tel-Caroline/andrea2/andrea-2-67.wav,andrea
audio/Tel-Caroline/andrea2/andrea-2-03.wav,andrea
audio/Tel-Andrea/andrea3/andrea-3-25.wav,andrea
audio/Tel-Andrea/andrea3/andrea-3-20.wav,andrea
audio/Tel-Caroline/andrea/andrea-52.wav,andrea
audio/Tel-Andrea/andrea3/andrea-3-78.wav,andrea
audio/Tel-Andrea/andrea3/andrea-3-40.wav,andrea
audio/Tel-Caroline/andrea/andrea-49.wav,andrea
audio/Tel-Andrea/andrea3/andrea-3-74.wav,andrea
audio/Tel-Caroline/andrea/andrea-63.wav,andrea
audio/Tel-Andrea/andrea3/andrea-3-04.wav,andrea
audio/Tel-Caroline/andrea/andrea-59.wav,andrea
audio/Tel-Andrea/andrea3/andrea-3-17.wav,andrea
audio/Tel-Caroline/andrea2/andrea-2-39.wav,andrea
audio/Tel-Caroline/andrea2/andrea-2-50.wav,andrea
audio/Tel-Caroline/andrea2/andrea-2-53.wav,andrea
audio/Tel-Caroline/andrea/andrea-03.wav,andrea
audio/Tel-Andrea/andrea3/andrea-3-29.wav,andrea
audio/Tel-Caroline/andrea2/andrea-2-10.wav,andrea
audio/Tel-Caroline/andrea2/andrea-2-15.wav,andrea
audio/Tel-Caroline/andrea/andrea-40.wav,andrea
audio/Tel-Caroline/andrea2/andrea-2-47.wav,andrea
audio/Tel-Caroline/andrea/andrea-02.wav,andrea
audio/Tel-Caroline/andrea2/andrea-2-73.wav,andrea
audio/Tel-Andrea/andrea3/andrea-3-41.wav,andrea
audio/Tel-Caroline/andrea/andrea-61.wav,andrea
audio/Tel-Caroline/andrea/andrea-44.wav,andrea
audio/Tel-Andrea/andrea3/andrea-3-15.wav,andrea
audio/Tel-Andrea/andrea3/andrea-3-02.wav,andrea
audio/Tel-Andrea/andrea3/andrea-3-65.wav,andrea
audio/Tel-Caroline/andrea/andrea-71.wav,andrea
audio/Tel-Andrea/andrea3/andrea-3-59.wav,andrea
audio/Tel-Caroline/andrea/andrea-17.wav,andrea
audio/Tel-Caroline/andrea2/andrea-2-19.wav,andrea
audio/Tel-Caroline/andrea/andrea-50.wav,andrea
audio/Tel-Andrea/andrea3/andrea-3-81.wav,andrea
audio/Tel-Andrea/andrea3/andrea-3-47.wav,andrea
audio/Tel-Caroline/andrea2/andrea-2-56.wav,andrea
audio/Tel-Caroline/andrea2/andrea-2-20.wav,andrea
audio/Tel-Caroline/andrea/andrea-42.wav,andrea
audio/Tel-Caroline/andrea/andrea-25.wav,andrea
audio/Tel-Caroline/andrea2/andrea-2-24.wav,andrea
audio/Tel-Andrea/andrea3/andrea-3-67.wav,andrea
audio/Tel-Caroline/andrea2/andrea-2-37.wav,andrea
audio/Tel-Caroline/andrea2/andrea-2-68.wav,andrea
audio/Tel-Caroline/andrea/andrea-15.wav,andrea
audio/Tel-Andrea/andrea3/andrea-3-07.wav,andrea
audio/Tel-Caroline/andrea/andrea-04.wav,andrea
audio/Tel-Andrea/andrea3/andrea-3-46.wav,andrea
audio/Tel-Caroline/andrea2/andrea-2-76.wav,andrea
audio/Tel-Caroline/andrea2/andrea-2-65.wav,andrea
audio/Tel-Caroline/andrea2/andrea-2-61.wav,andrea
audio/Tel-Caroline/andrea/andrea-35.wav,andrea
audio/Tel-Andrea/andrea3/andrea-3-24.wav,andrea
audio/Tel-Andrea/andrea3/andrea-3-48.wav,andrea
audio/Tel-Caroline/andrea/andrea-24.wav,andrea
audio/Tel-Andrea/andrea3/andrea-3-31.wav,andrea
audio/Tel-Caroline/andrea/andrea-62.wav,andrea
audio/Tel-Caroline/andrea2/andrea-2-26.wav,andrea
audio/Tel-Caroline/andrea/andrea-22.wav,andrea
audio/Tel-Andrea/andrea3/andrea-3-56.wav,andrea
audio/Tel-Andrea/andrea3/andrea-3-03.wav,andrea
audio/Tel-Andrea/andrea3/andrea-3-77.wav,andrea
audio/Tel-Caroline/andrea2/andrea-2-35.wav,andrea
audio/Tel-Andrea/andrea3/andrea-3-53.wav,andrea
audio/Tel-Andrea/andrea3/andrea-3-57.wav,andrea
audio/Tel-Andrea/andrea3/andrea-3-01.wav,andrea
audio/Tel-Caroline/andrea2/andrea-2-14.wav,andrea
audio/Tel-Caroline/andrea/andrea-51.wav,andrea
audio/Tel-Caroline/andrea2/andrea-2-33.wav,andrea
audio/Tel-Caroline/andrea2/andrea-2-02.wav,andrea
audio/Tel-Andrea/andrea3/andrea-3-16.wav,andrea
audio/Tel-Andrea/andrea3/andrea-3-12.wav,andrea
audio/Tel-Andrea/andrea3/andrea-3-63.wav,andrea
audio/Tel-Caroline/andrea/andrea-38.wav,andrea
audio/Tel-Caroline/andrea2/andrea-2-08.wav,andrea
audio/Tel-Caroline/andrea/andrea-67.wav,andrea
audio/Tel-Andrea/andrea3/andrea-3-58.wav,andrea
audio/Tel-Caroline/andrea/andrea-54.wav,andrea
audio/Tel-Caroline/andrea/andrea-06.wav,andrea
audio/Tel-Andrea/andrea3/andrea-3-50.wav,andrea
audio/Tel-Caroline/andrea/andrea-64.wav,andrea
audio/Tel-Caroline/andrea/andrea-65.wav,andrea
audio/Tel-Caroline/andrea2/andrea-2-51.wav,andrea
audio/Tel-Caroline/andrea/andrea-21.wav,andrea
audio/Tel-Andrea/andrea3/andrea-3-30.wav,andrea
audio/Tel-Caroline/andrea/andrea-01.wav,andrea
audio/Tel-Caroline/andrea2/andrea-2-64.wav,andrea
audio/Tel-Caroline/andrea2/andrea-2-09.wav,andrea
audio/Tel-Caroline/andrea/andrea-66.wav,andrea
audio/Tel-Andrea/andrea3/andrea-3-70.wav,andrea
audio/Tel-Caroline/andrea/andrea-20.wav,andrea
audio/Tel-Andrea/andrea3/andrea-3-28.wav,andrea
audio/Tel-Caroline/andrea/andrea-12.wav,andrea
audio/Tel-Andrea/andrea3/andrea-3-52.wav,andrea
audio/Tel-Andrea/andrea3/andrea-3-39.wav,andrea
audio/Tel-Caroline/andrea2/andrea-2-27.wav,andrea
audio/Tel-Caroline/andrea2/andrea-2-01.wav,andrea
audio/Tel-Andrea/andrea3/andrea-3-49.wav,andrea
audio/Tel-Andrea/andrea3/andrea-3-08.wav,andrea
audio/Tel-Caroline/andrea2/andrea-2-71.wav,andrea
audio/Tel-Andrea/andrea3/andrea-3-66.wav,andrea
audio/Tel-Andrea/andrea3/andrea-3-76.wav,andrea
audio/Tel-Caroline/andrea/andrea-16.wav,andrea
audio/Tel-Caroline/andrea2/andrea-2-30.wav,andrea
audio/Tel-Caroline/andrea2/andrea-2-60.wav,andrea
audio/Tel-Caroline/andrea2/andrea-2-48.wav,andrea
audio/Tel-Andrea/andrea3/andrea-3-06.wav,andrea
audio/Tel-Andrea/andrea3/andrea-3-54.wav,andrea
audio/Tel-Andrea/andrea3/andrea-3-22.wav,andrea
audio/Tel-Caroline/andrea2/andrea-2-74.wav,andrea
audio/Tel-Andrea/andrea3/andrea-3-35.wav,andrea
audio/Tel-Caroline/andrea/andrea-46.wav,andrea
audio/Tel-Caroline/andrea/andrea-28.wav,andrea
audio/Tel-Andrea/andrea3/andrea-3-83.wav,andrea
audio/Tel-Caroline/andrea2/andrea-2-34.wav,andrea
audio/Tel-Andrea/andrea3/andrea-3-62.wav,andrea
audio/Tel-Caroline/andrea/andrea-18.wav,andrea
audio/Tel-Andrea/andrea3/andrea-3-11.wav,andrea
audio/Tel-Andrea/andrea3/andrea-3-43.wav,andrea
audio/Tel-Andrea/andrea3/andrea-3-14.wav,andrea
audio/Tel-Caroline/andrea/andrea-31.wav,andrea
audio/Tel-Caroline/andrea/andrea-32.wav,andrea
audio/Tel-Caroline/andrea/andrea-45.wav,andrea
audio/Tel-Caroline/andrea2/andrea-2-07.wav,andrea
audio/Tel-Andrea/andrea3/andrea-3-82.wav,andrea
audio/Tel-Andrea/andrea3/andrea-3-72.wav,andrea
audio/Tel-Caroline/andrea/andrea-29.wav,andrea
audio/Tel-Caroline/andrea2/andrea-2-11.wav,andrea
audio/Tel-Caroline/andrea/andrea-55.wav,andrea
audio/Tel-Caroline/andrea2/andrea-2-41.wav,andrea
audio/Tel-Caroline/andrea/andrea-33.wav,andrea
audio/Tel-Caroline/andrea2/andrea-2-52.wav,andrea
audio/Tel-Caroline/andrea/andrea-60.wav,andrea
audio/Tel-Andrea/andrea3/andrea-3-37.wav,andrea
audio/Tel-Caroline/andrea/andrea-56.wav,andrea
audio/Tel-Andrea/andrea3/andrea-3-80.wav,andrea
audio/Tel-Caroline/andrea2/andrea-2-54.wav,andrea
audio/Tel-Andrea/andrea3/andrea-3-64.wav,andrea
audio/Tel-Caroline/andrea2/andrea-2-17.wav,andrea
audio/Tel-Caroline/andrea/andrea-08.wav,andrea
audio/Tel-Andrea/andrea3/andrea-3-61.wav,andrea
audio/Tel-Caroline/andrea2/andrea-2-13.wav,andrea
audio/Tel-Caroline/andrea2/andrea-2-38.wav,andrea
audio/Tel-Andrea/andrea3/andrea-3-45.wav,andrea
audio/Tel-Caroline/andrea/andrea-57.wav,andrea
audio/Tel-Andrea/caroline3/caroline-3-16.wav,caroline
audio/Tel-Caroline/caroline2/caroline-2-69.wav,caroline
audio/Tel-Caroline/caroline2/caroline-2-34.wav,caroline
audio/Tel-Caroline/caroline2/caroline-2-35.wav,caroline
audio/Tel-Caroline/caroline2/caroline-2-71.wav,caroline
audio/Tel-Caroline/caroline2/caroline-2-03.wav,caroline
audio/Tel-Andrea/caroline3/caroline-3-31.wav,caroline
audio/Tel-Andrea/caroline3/caroline-3-73.wav,caroline
audio/Tel-Andrea/caroline3/caroline-3-15.wav,caroline
audio/Tel-Andrea/caroline3/caroline-3-01.wav,caroline
audio/Tel-Caroline/caroline2/caroline-2-48.wav,caroline
audio/Tel-Andrea/caroline3/caroline-3-11.wav,caroline
audio/Tel-Andrea/caroline3/caroline-3-79.wav,caroline
audio/Tel-Andrea/caroline3/caroline-3-09.wav,caroline
audio/Tel-Caroline/caroline/caroline-62.wav,caroline
audio/Tel-Andrea/caroline3/caroline-3-37.wav,caroline
audio/Tel-Andrea/caroline3/caroline-3-84.wav,caroline
audio/Tel-Caroline/caroline2/caroline-2-50.wav,caroline
audio/Tel-Caroline/caroline/caroline-07.wav,caroline
audio/Tel-Caroline/caroline2/caroline-2-37.wav,caroline
audio/Tel-Andrea/caroline3/caroline-3-41.wav,caroline
audio/Tel-Caroline/caroline2/caroline-2-68.wav,caroline
audio/Tel-Andrea/caroline3/caroline-3-54.wav,caroline
audio/Tel-Andrea/caroline3/caroline-3-65.wav,caroline
audio/Tel-Andrea/caroline3/caroline-3-02.wav,caroline
audio/Tel-Andrea/caroline3/caroline-3-72.wav,caroline
audio/Tel-Caroline/caroline2/caroline-2-13.wav,caroline
audio/Tel-Caroline/caroline2/caroline-2-65.wav,caroline
audio/Tel-Caroline/caroline/caroline-23.wav,caroline
audio/Tel-Andrea/caroline3/caroline-3-87.wav,caroline
audio/Tel-Caroline/caroline/caroline-20.wav,caroline
audio/Tel-Caroline/caroline/caroline-60.wav,caroline
audio/Tel-Caroline/caroline2/caroline-2-57.wav,caroline
audio/Tel-Caroline/caroline2/caroline-2-72.wav,caroline
audio/Tel-Andrea/caroline3/caroline-3-71.wav,caroline
audio/Tel-Andrea/caroline3/caroline-3-52.wav,caroline
audio/Tel-Andrea/caroline3/caroline-3-07.wav,caroline
audio/Tel-Caroline/caroline/caroline-14.wav,caroline
audio/Tel-Caroline/caroline/caroline-54.wav,caroline
audio/Tel-Andrea/caroline3/caroline-3-21.wav,caroline
audio/Tel-Caroline/caroline/caroline-19.wav,caroline
audio/Tel-Caroline/caroline2/caroline-2-23.wav,caroline
audio/Tel-Caroline/caroline/caroline-57.wav,caroline
audio/Tel-Caroline/caroline/caroline-53.wav,caroline
audio/Tel-Caroline/caroline2/caroline-2-27.wav,caroline
audio/Tel-Caroline/caroline/caroline-48.wav,caroline
audio/Tel-Caroline/caroline2/caroline-2-06.wav,caroline
audio/Tel-Caroline/caroline2/caroline-2-26.wav,caroline
audio/Tel-Caroline/caroline/caroline-41.wav,caroline
audio/Tel-Caroline/caroline2/caroline-2-53.wav,caroline
audio/Tel-Caroline/caroline2/caroline-2-15.wav,caroline
audio/Tel-Caroline/caroline/caroline-22.wav,caroline
audio/Tel-Caroline/caroline/caroline-67.wav,caroline
audio/Tel-Andrea/caroline3/caroline-3-23.wav,caroline
audio/Tel-Caroline/caroline2/caroline-2-07.wav,caroline
audio/Tel-Andrea/caroline3/caroline-3-66.wav,caroline
audio/Tel-Caroline/caroline/caroline-50.wav,caroline
audio/Tel-Caroline/caroline2/caroline-2-62.wav,caroline
audio/Tel-Caroline/caroline2/caroline-2-32.wav,caroline
audio/Tel-Caroline/caroline2/caroline-2-30.wav,caroline
audio/Tel-Andrea/caroline3/caroline-3-22.wav,caroline
audio/Tel-Caroline/caroline/caroline-61.wav,caroline
audio/Tel-Caroline/caroline/caroline-51.wav,caroline
audio/Tel-Andrea/caroline3/caroline-3-34.wav,caroline
audio/Tel-Andrea/caroline3/caroline-3-50.wav,caroline
audio/Tel-Andrea/caroline3/caroline-3-43.wav,caroline
audio/Tel-Caroline/caroline/caroline-34.wav,caroline
audio/Tel-Andrea/caroline3/caroline-3-69.wav,caroline
audio/Tel-Andrea/caroline3/caroline-3-19.wav,caroline
audio/Tel-Caroline/caroline/caroline-36.wav,caroline
audio/Tel-Caroline/caroline/caroline-47.wav,caroline
audio/Tel-Andrea/caroline3/caroline-3-17.wav,caroline
audio/Tel-Andrea/caroline3/caroline-3-49.wav,caroline
audio/Tel-Caroline/caroline/caroline-29.wav,caroline
audio/Tel-Andrea/caroline3/caroline-3-55.wav,caroline
audio/Tel-Caroline/caroline/caroline-33.wav,caroline
audio/Tel-Caroline/caroline2/caroline-2-33.wav,caroline
audio/Tel-Caroline/caroline2/caroline-2-58.wav,caroline
audio/Tel-Caroline/caroline/caroline-30.wav,caroline
audio/Tel-Caroline/caroline2/caroline-2-28.wav,caroline
audio/Tel-Caroline/caroline2/caroline-2-56.wav,caroline
audio/Tel-Andrea/caroline3/caroline-3-03.wav,caroline
audio/Tel-Caroline/caroline/caroline-40.wav,caroline
audio/Tel-Andrea/caroline3/caroline-3-05.wav,caroline
audio/Tel-Caroline/caroline/caroline-56.wav,caroline
audio/Tel-Caroline/caroline/caroline-05.wav,caroline
audio/Tel-Andrea/caroline3/caroline-3-47.wav,caroline
audio/Tel-Caroline/caroline/caroline-38.wav,caroline
audio/Tel-Caroline/caroline/caroline-27.wav,caroline
audio/Tel-Andrea/caroline3/caroline-3-38.wav,caroline
audio/Tel-Caroline/caroline2/caroline-2-45.wav,caroline
audio/Tel-Caroline/caroline/caroline-46.wav,caroline
audio/Tel-Andrea/caroline3/caroline-3-57.wav,caroline
audio/Tel-Andrea/caroline3/caroline-3-32.wav,caroline
audio/Tel-Caroline/caroline/caroline-06.wav,caroline
audio/Tel-Andrea/caroline3/caroline-3-80.wav,caroline
audio/Tel-Andrea/caroline3/caroline-3-30.wav,caroline
audio/Tel-Caroline/caroline/caroline-25.wav,caroline
audio/Tel-Andrea/caroline3/caroline-3-67.wav,caroline
audio/Tel-Caroline/caroline/caroline-04.wav,caroline
audio/Tel-Caroline/caroline/caroline-64.wav,caroline
audio/Tel-Andrea/caroline3/caroline-3-29.wav,caroline
audio/Tel-Andrea/caroline3/caroline-3-39.wav,caroline
audio/Tel-Caroline/caroline/caroline-66.wav,caroline
audio/Tel-Andrea/caroline3/caroline-3-20.wav,caroline
audio/Tel-Caroline/caroline/caroline-55.wav,caroline
audio/Tel-Caroline/caroline/caroline-01.wav,caroline
audio/Tel-Caroline/caroline2/caroline-2-14.wav,caroline
audio/Tel-Caroline/caroline/caroline-28.wav,caroline
audio/Tel-Caroline/caroline/caroline-42.wav,caroline
audio/Tel-Caroline/caroline2/caroline-2-02.wav,caroline
audio/Tel-Andrea/caroline3/caroline-3-81.wav,caroline
audio/Tel-Andrea/caroline3/caroline-3-36.wav,caroline
audio/Tel-Caroline/caroline/caroline-37.wav,caroline
audio/Tel-Caroline/caroline/caroline-44.wav,caroline
audio/Tel-Caroline/caroline2/caroline-2-43.wav,caroline
audio/Tel-Caroline/caroline2/caroline-2-18.wav,caroline
audio/Tel-Andrea/caroline3/caroline-3-14.wav,caroline
audio/Tel-Andrea/caroline3/caroline-3-44.wav,caroline
audio/Tel-Caroline/caroline/caroline-39.wav,caroline
audio/Tel-Andrea/caroline3/caroline-3-51.wav,caroline
audio/Tel-Andrea/caroline3/caroline-3-62.wav,caroline
audio/Tel-Andrea/caroline3/caroline-3-26.wav,caroline
audio/Tel-Caroline/caroline/caroline-45.wav,caroline
audio/Tel-Caroline/caroline2/caroline-2-22.wav,caroline
audio/Tel-Andrea/caroline3/caroline-3-77.wav,caroline
audio/Tel-Caroline/caroline2/caroline-2-17.wav,caroline
audio/Tel-Caroline/caroline/caroline-13.wav,caroline
audio/Tel-Caroline/caroline/caroline-03.wav,caroline
audio/Tel-Caroline/caroline2/caroline-2-11.wav,caroline
audio/Tel-Caroline/caroline2/caroline-2-05.wav,caroline
audio/Tel-Caroline/caroline2/caroline-2-01.wav,caroline
audio/Tel-Andrea/caroline3/caroline-3-28.wav,caroline
audio/Tel-Caroline/caroline/caroline-68.wav,caroline
audio/Tel-Caroline/caroline2/caroline-2-46.wav,caroline
audio/Tel-Caroline/caroline/caroline-02.wav,caroline
audio/Tel-Caroline/caroline2/caroline-2-25.wav,caroline
audio/Tel-Andrea/caroline3/caroline-3-10.wav,caroline
audio/Tel-Caroline/caroline/caroline-08.wav,caroline
audio/Tel-Caroline/caroline2/caroline-2-08.wav,caroline
audio/Tel-Andrea/caroline3/caroline-3-88.wav,caroline
audio/Tel-Andrea/caroline3/caroline-3-06.wav,caroline
audio/Tel-Andrea/caroline3/caroline-3-46.wav,caroline
audio/Tel-Caroline/caroline2/caroline-2-29.wav,caroline
audio/Tel-Andrea/caroline3/caroline-3-83.wav,caroline
audio/Tel-Andrea/caroline3/caroline-3-64.wav,caroline
audio/Tel-Caroline/caroline2/caroline-2-60.wav,caroline
audio/Tel-Andrea/caroline3/caroline-3-04.wav,caroline
audio/Tel-Andrea/caroline3/caroline-3-35.wav,caroline
audio/Tel-Andrea/caroline3/caroline-3-82.wav,caroline
audio/Tel-Andrea/caroline3/caroline-3-70.wav,caroline
audio/Tel-Caroline/caroline/caroline-43.wav,caroline
audio/Tel-Andrea/caroline3/caroline-3-18.wav,caroline
audio/Tel-Andrea/caroline3/caroline-3-78.wav,caroline
audio/Tel-Caroline/caroline/caroline-16.wav,caroline
audio/Tel-Caroline/caroline2/caroline-2-19.wav,caroline
audio/Tel-Caroline/caroline/caroline-26.wav,caroline
audio/Tel-Andrea/caroline3/caroline-3-60.wav,caroline
audio/Tel-Caroline/caroline2/caroline-2-70.wav,caroline
audio/Tel-Caroline/caroline/caroline-58.wav,caroline
audio/Tel-Andrea/caroline3/caroline-3-45.wav,caroline
audio/Tel-Caroline/lyna2/lyna-2-07.wav,lyna
audio/Tel-Caroline/lyna/lyna-09.wav,lyna
audio/Tel-Andrea/lyna3/lyna-3-22.wav,lyna
audio/Tel-Caroline/lyna2/lyna-2-40.wav,lyna
audio/Tel-Caroline/lyna/lyna-15.wav,lyna
audio/Tel-Caroline/lyna2/lyna-2-12.wav,lyna
audio/Tel-Andrea/lyna3/lyna-3-83.wav,lyna
audio/Tel-Caroline/lyna2/lyna-2-63.wav,lyna
audio/Tel-Caroline/lyna2/lyna-2-36.wav,lyna
audio/Tel-Caroline/lyna/lyna-33.wav,lyna
audio/Tel-Caroline/lyna2/lyna-2-58.wav,lyna
audio/Tel-Caroline/lyna2/lyna-2-37.wav,lyna
audio/Tel-Caroline/lyna2/lyna-2-17.wav,lyna
audio/Tel-Caroline/lyna2/lyna-2-71.wav,lyna
audio/Tel-Caroline/lyna/lyna-18.wav,lyna
audio/Tel-Andrea/lyna3/lyna-3-45.wav,lyna
audio/Tel-Andrea/lyna3/lyna-3-90.wav,lyna
audio/Tel-Andrea/lyna3/lyna-3-97.wav,lyna
audio/Tel-Caroline/lyna/lyna-22.wav,lyna
audio/Tel-Caroline/lyna2/lyna-2-72.wav,lyna
audio/Tel-Caroline/lyna2/lyna-2-38.wav,lyna
audio/Tel-Andrea/lyna3/lyna-3-10.wav,lyna
audio/Tel-Andrea/lyna3/lyna-3-20.wav,lyna
audio/Tel-Caroline/lyna/lyna-50.wav,lyna
audio/Tel-Caroline/lyna2/lyna-2-28.wav,lyna
audio/Tel-Andrea/lyna3/lyna-3-58.wav,lyna
audio/Tel-Andrea/lyna3/lyna-3-30.wav,lyna
audio/Tel-Caroline/lyna2/lyna-2-31.wav,lyna
audio/Tel-Andrea/lyna3/lyna-3-09.wav,lyna
audio/Tel-Andrea/lyna3/lyna-3-76.wav,lyna
audio/Tel-Caroline/lyna/lyna-77.wav,lyna
audio/Tel-Caroline/lyna2/lyna-2-42.wav,lyna
audio/Tel-Caroline/lyna2/lyna-2-43.wav,lyna
audio/Tel-Caroline/lyna2/lyna-2-09.wav,lyna
audio/Tel-Andrea/lyna3/lyna-3-35.wav,lyna
audio/Tel-Andrea/lyna3/lyna-3-33.wav,lyna
audio/Tel-Caroline/lyna2/lyna-2-27.wav,lyna
audio/Tel-Andrea/lyna3/lyna-3-56.wav,lyna
audio/Tel-Andrea/lyna3/lyna-3-03.wav,lyna
audio/Tel-Caroline/lyna/lyna-36.wav,lyna
audio/Tel-Caroline/lyna2/lyna-2-23.wav,lyna
audio/Tel-Andrea/lyna3/lyna-3-95.wav,lyna
audio/Tel-Caroline/lyna/lyna-38.wav,lyna
audio/Tel-Andrea/lyna3/lyna-3-15.wav,lyna
audio/Tel-Caroline/lyna2/lyna-2-78.wav,lyna
audio/Tel-Andrea/lyna3/lyna-3-38.wav,lyna
audio/Tel-Caroline/lyna2/lyna-2-45.wav,lyna
audio/Tel-Andrea/lyna3/lyna-3-08.wav,lyna
audio/Tel-Andrea/lyna3/lyna-3-85.wav,lyna
audio/Tel-Caroline/lyna2/lyna-2-29.wav,lyna
audio/Tel-Andrea/lyna3/lyna-3-39.wav,lyna
audio/Tel-Caroline/lyna2/lyna-2-50.wav,lyna
audio/Tel-Caroline/lyna2/lyna-2-30.wav,lyna
audio/Tel-Caroline/lyna2/lyna-2-65.wav,lyna
audio/Tel-Caroline/lyna2/lyna-2-66.wav,lyna
audio/Tel-Andrea/lyna3/lyna-3-43.wav,lyna
audio/Tel-Caroline/lyna2/lyna-2-83.wav,lyna
audio/Tel-Andrea/lyna3/lyna-3-61.wav,lyna
audio/Tel-Andrea/lyna3/lyna-3-17.wav,lyna
audio/Tel-Andrea/lyna3/lyna-3-27.wav,lyna
audio/Tel-Caroline/lyna2/lyna-2-81.wav,lyna
audio/Tel-Caroline/lyna/lyna-05.wav,lyna
audio/Tel-Andrea/lyna3/lyna-3-84.wav,lyna
audio/Tel-Caroline/lyna/lyna-07.wav,lyna
audio/Tel-Andrea/lyna3/lyna-3-55.wav,lyna
audio/Tel-Andrea/lyna3/lyna-3-75.wav,lyna
audio/Tel-Andrea/lyna3/lyna-3-49.wav,lyna
audio/Tel-Caroline/lyna2/lyna-2-76.wav,lyna
audio/Tel-Caroline/lyna/lyna-69.wav,lyna
audio/Tel-Andrea/lyna3/lyna-3-37.wav,lyna
audio/Tel-Caroline/lyna2/lyna-2-20.wav,lyna
audio/Tel-Andrea/lyna3/lyna-3-94.wav,lyna
audio/Tel-Caroline/lyna/lyna-78.wav,lyna
audio/Tel-Caroline/lyna2/lyna-2-46.wav,lyna
audio/Tel-Caroline/lyna2/lyna-2-49.wav,lyna
audio/Tel-Andrea/lyna3/lyna-3-04.wav,lyna
audio/Tel-Caroline/lyna2/lyna-2-05.wav,lyna
audio/Tel-Caroline/lyna/lyna-41.wav,lyna
audio/Tel-Caroline/lyna2/lyna-2-87.wav,lyna
audio/Tel-Caroline/lyna/lyna-48.wav,lyna
audio/Tel-Caroline/lyna2/lyna-2-86.wav,lyna
audio/Tel-Caroline/lyna/lyna-20.wav,lyna
audio/Tel-Caroline/lyna2/lyna-2-24.wav,lyna
audio/Tel-Caroline/lyna/lyna-71.wav,lyna
audio/Tel-Caroline/lyna2/lyna-2-70.wav,lyna
audio/Tel-Andrea/lyna3/lyna-3-21.wav,lyna
audio/Tel-Caroline/lyna/lyna-67.wav,lyna
audio/Tel-Andrea/lyna3/lyna-3-28.wav,lyna
audio/Tel-Andrea/lyna3/lyna-3-79.wav,lyna
audio/Tel-Caroline/lyna2/lyna-2-14.wav,lyna
audio/Tel-Caroline/lyna2/lyna-2-61.wav,lyna
audio/Tel-Andrea/lyna3/lyna-3-63.wav,lyna
audio/Tel-Caroline/lyna/lyna-04.wav,lyna
audio/Tel-Caroline/lyna2/lyna-2-06.wav,lyna
audio/Tel-Andrea/lyna3/lyna-3-70.wav,lyna
audio/Tel-Caroline/lyna/lyna-01.wav,lyna
audio/Tel-Caroline/lyna2/lyna-2-04.wav,lyna
audio/Tel-Andrea/lyna3/lyna-3-50.wav,lyna
audio/Tel-Andrea/lyna3/lyna-3-57.wav,lyna
audio/Tel-Andrea/lyna3/lyna-3-86.wav,lyna
audio/Tel-Caroline/lyna/lyna-75.wav,lyna
audio/Tel-Andrea/lyna3/lyna-3-81.wav,lyna
audio/Tel-Andrea/lyna3/lyna-3-64.wav,lyna
audio/Tel-Caroline/lyna2/lyna-2-80.wav,lyna
audio/Tel-Andrea/lyna3/lyna-3-12.wav,lyna
audio/Tel-Caroline/lyna2/lyna-2-75.wav,lyna
audio/Tel-Caroline/lyna2/lyna-2-34.wav,lyna
audio/Tel-Caroline/lyna/lyna-72.wav,lyna
audio/Tel-Caroline/lyna2/lyna-2-21.wav,lyna
audio/Tel-Caroline/lyna/lyna-44.wav,lyna
audio/Tel-Andrea/lyna3/lyna-3-52.wav,lyna
audio/Tel-Caroline/lyna/lyna-59.wav,lyna
audio/Tel-Andrea/lyna3/lyna-3-60.wav,lyna
audio/Tel-Andrea/lyna3/lyna-3-73.wav,lyna
audio/Tel-Andrea/lyna3/lyna-3-68.wav,lyna
audio/Tel-Caroline/lyna2/lyna-2-55.wav,lyna
audio/Tel-Andrea/lyna3/lyna-3-47.wav,lyna
audio/Tel-Andrea/lyna3/lyna-3-92.wav,lyna
audio/Tel-Caroline/lyna/lyna-70.wav,lyna
audio/Tel-Caroline/lyna2/lyna-2-19.wav,lyna
audio/Tel-Caroline/lyna/lyna-27.wav,lyna
audio/Tel-Andrea/lyna3/lyna-3-42.wav,lyna
audio/Tel-Andrea/lyna3/lyna-3-71.wav,lyna
audio/Tel-Andrea/lyna3/lyna-3-96.wav,lyna
audio/Tel-Andrea/lyna3/lyna-3-32.wav,lyna
audio/Tel-Andrea/lyna3/lyna-3-51.wav,lyna
audio/Tel-Caroline/lyna2/lyna-2-02.wav,lyna
audio/Tel-Caroline/lyna2/lyna-2-35.wav,lyna
audio/Tel-Caroline/lyna/lyna-10.wav,lyna
audio/Tel-Caroline/lyna2/lyna-2-82.wav,lyna
audio/Tel-Caroline/lyna/lyna-58.wav,lyna
audio/Tel-Andrea/lyna3/lyna-3-62.wav,lyna
audio/Tel-Caroline/lyna/lyna-45.wav,lyna
audio/Tel-Caroline/lyna/lyna-24.wav,lyna
audio/Tel-Caroline/lyna/lyna-52.wav,lyna
audio/Tel-Andrea/lyna3/lyna-3-80.wav,lyna
audio/Tel-Caroline/lyna/lyna-29.wav,lyna
audio/Tel-Caroline/lyna2/lyna-2-15.wav,lyna
audio/Tel-Andrea/lyna3/lyna-3-91.wav,lyna
audio/Tel-Andrea/lyna3/lyna-3-41.wav,lyna
audio/Tel-Caroline/lyna/lyna-66.wav,lyna
audio/Tel-Andrea/lyna3/lyna-3-65.wav,lyna
audio/Tel-Caroline/lyna/lyna-31.wav,lyna
audio/Tel-Caroline/lyna2/lyna-2-64.wav,lyna
audio/Tel-Andrea/lyna3/lyna-3-11.wav,lyna
audio/Tel-Caroline/lyna2/lyna-2-22.wav,lyna
audio/Tel-Andrea/lyna3/lyna-3-72.wav,lyna
audio/Tel-Andrea/lyna3/lyna-3-54.wav,lyna
audio/Tel-Andrea/lyna3/lyna-3-66.wav,lyna
audio/Tel-Andrea/lyna3/lyna-3-48.wav,lyna
audio/Tel-Andrea/lyna3/lyna-3-93.wav,lyna
audio/Tel-Caroline/lyna/lyna-56.wav,lyna
audio/Tel-Andrea/lyna3/lyna-3-23.wav,lyna
audio/Tel-Caroline/lyna2/lyna-2-47.wav,lyna
audio/Tel-Caroline/lyna2/lyna-2-33.wav,lyna
audio/Tel-Caroline/lyna/lyna-23.wav,lyna
audio/Tel-Caroline/lyna/lyna-65.wav,lyna
audio/Tel-Andrea/lyna3/lyna-3-19.wav,lyna
audio/Tel-Andrea/lyna3/lyna-3-16.wav,lyna
audio/Tel-Caroline/lyna2/lyna-2-39.wav,lyna
audio/Tel-Andrea/lyna3/lyna-3-05.wav,lyna
audio/Tel-Caroline/lyna/lyna-76.wav,lyna
audio/Tel-Caroline/lyna2/lyna-2-13.wav,lyna
audio/Tel-Caroline/lyna/lyna-37.wav,lyna
audio/Tel-Andrea/lyna3/lyna-3-40.wav,lyna
audio/Tel-Caroline/lyna/lyna-57.wav,lyna
audio/Tel-Caroline/lyna2/lyna-2-16.wav,lyna
audio/Tel-Andrea/lyna3/lyna-3-78.wav,lyna
audio/Tel-Caroline/lyna2/lyna-2-54.wav,lyna
audio/Tel-Caroline/lyna2/lyna-2-74.wav,lyna
audio/Tel-Caroline/lyna/lyna-25.wav,lyna
audio/Tel-Andrea/lyna3/lyna-3-59.wav,lyna
audio/Tel-Caroline/lyna2/lyna-2-79.wav,lyna
audio/Tel-Andrea/lyna3/lyna-3-98.wav,lyna
audio/Tel-Caroline/lyna/lyna-13.wav,lyna
audio/Tel-Caroline/lyna/lyna-60.wav,lyna
audio/Tel-Caroline/lyna/lyna-39.wav,lyna
audio/Tel-Caroline/lyna/lyna-11.wav,lyna
audio/Tel-Caroline/lyna2/lyna-2-73.wav,lyna
audio/Tel-Caroline/lyna/lyna-62.wav,lyna
audio/Tel-Andrea/lyna3/lyna-3-24.wav,lyna
audio/Tel-Andrea/lyna3/lyna-3-36.wav,lyna
audio/Tel-Caroline/lyna2/lyna-2-62.wav,lyna
audio/Tel-Caroline/lyna/lyna-34.wav,lyna
audio/Tel-Caroline/lyna/lyna-40.wav,lyna
audio/Tel-Caroline/nabil2/nabil-2-27.wav,nabil
audio/Tel-Andrea/nabil3/nabil-3-16.wav,nabil
audio/Tel-Caroline/nabil/nabil-11.wav,nabil
audio/Tel-Andrea/nabil3/nabil-3-48.wav,nabil
audio/Tel-Caroline/nabil2/nabil-2-33.wav,nabil
audio/Tel-Caroline/nabil/nabil-24.wav,nabil
audio/Tel-Andrea/nabil3/nabil-3-67.wav,nabil
audio/Tel-Caroline/nabil2/nabil-2-50.wav,nabil
audio/Tel-Andrea/nabil3/nabil-3-50.wav,nabil
audio/Tel-Caroline/nabil/nabil-21.wav,nabil
audio/Tel-Andrea/nabil3/nabil-3-63.wav,nabil
audio/Tel-Caroline/nabil2/nabil-2-28.wav,nabil
audio/Tel-Andrea/nabil3/nabil-3-44.wav,nabil
audio/Tel-Caroline/nabil/nabil-57.wav,nabil
audio/Tel-Andrea/nabil3/nabil-3-41.wav,nabil
audio/Tel-Caroline/nabil/nabil-18.wav,nabil
audio/Tel-Caroline/nabil/nabil-22.wav,nabil
audio/Tel-Caroline/nabil/nabil-51.wav,nabil
audio/Tel-Andrea/nabil3/nabil-3-66.wav,nabil
audio/Tel-Andrea/nabil3/nabil-3-37.wav,nabil
audio/Tel-Caroline/nabil2/nabil-2-53.wav,nabil
audio/Tel-Caroline/nabil2/nabil-2-13.wav,nabil
audio/Tel-Caroline/nabil2/nabil-2-43.wav,nabil
audio/Tel-Andrea/nabil3/nabil-3-32.wav,nabil
audio/Tel-Andrea/nabil3/nabil-3-14.wav,nabil
audio/Tel-Andrea/nabil3/nabil-3-42.wav,nabil
audio/Tel-Andrea/nabil3/nabil-3-60.wav,nabil
audio/Tel-Caroline/nabil2/nabil-2-19.wav,nabil
audio/Tel-Caroline/nabil2/nabil-2-10.wav,nabil
audio/Tel-Caroline/nabil2/nabil-2-38.wav,nabil
audio/Tel-Caroline/nabil2/nabil-2-25.wav,nabil
audio/Tel-Caroline/nabil2/nabil-2-07.wav,nabil
audio/Tel-Caroline/nabil2/nabil-2-52.wav,nabil
audio/Tel-Caroline/nabil/nabil-16.wav,nabil
audio/Tel-Caroline/nabil2/nabil-2-70.wav,nabil
audio/Tel-Caroline/nabil/nabil-02.wav,nabil
audio/Tel-Caroline/nabil/nabil-52.wav,nabil
audio/Tel-Caroline/nabil2/nabil-2-47.wav,nabil
audio/Tel-Andrea/nabil3/nabil-3-65.wav,nabil
audio/Tel-Caroline/nabil/nabil-29.wav,nabil
audio/Tel-Caroline/nabil2/nabil-2-37.wav,nabil
audio/Tel-Andrea/nabil3/nabil-3-01.wav,nabil
audio/Tel-Caroline/nabil2/nabil-2-58.wav,nabil
audio/Tel-Andrea/nabil3/nabil-3-31.wav,nabil
audio/Tel-Caroline/nabil2/nabil-2-01.wav,nabil
audio/Tel-Andrea/nabil3/nabil-3-46.wav,nabil
audio/Tel-Andrea/nabil3/nabil-3-20.wav,nabil
audio/Tel-Caroline/nabil2/nabil-2-35.wav,nabil
audio/Tel-Caroline/nabil2/nabil-2-64.wav,nabil
audio/Tel-Andrea/nabil3/nabil-3-39.wav,nabil
audio/Tel-Andrea/nabil3/nabil-3-15.wav,nabil
audio/Tel-Caroline/nabil/nabil-30.wav,nabil
audio/Tel-Caroline/nabil2/nabil-2-55.wav,nabil
audio/Tel-Caroline/nabil2/nabil-2-05.wav,nabil
audio/Tel-Caroline/nabil/nabil-49.wav,nabil
audio/Tel-Caroline/nabil2/nabil-2-03.wav,nabil
audio/Tel-Caroline/nabil/nabil-46.wav,nabil
audio/Tel-Caroline/nabil/nabil-19.wav,nabil
audio/Tel-Caroline/nabil2/nabil-2-44.wav,nabil
audio/Tel-Caroline/nabil/nabil-45.wav,nabil
audio/Tel-Caroline/nabil2/nabil-2-40.wav,nabil
audio/Tel-Caroline/nabil2/nabil-2-63.wav,nabil
audio/Tel-Caroline/nabil/nabil-05.wav,nabil
audio/Tel-Caroline/nabil2/nabil-2-59.wav,nabil
audio/Tel-Caroline/nabil2/nabil-2-30.wav,nabil
audio/Tel-Andrea/nabil3/nabil-3-34.wav,nabil
audio/Tel-Caroline/nabil2/nabil-2-39.wav,nabil
audio/Tel-Andrea/nabil3/nabil-3-53.wav,nabil
audio/Tel-Andrea/nabil3/nabil-3-24.wav,nabil
audio/Tel-Andrea/nabil3/nabil-3-33.wav,nabil
audio/Tel-Caroline/nabil2/nabil-2-20.wav,nabil
audio/Tel-Caroline/nabil/nabil-62.wav,nabil
audio/Tel-Andrea/nabil3/nabil-3-55.wav,nabil
audio/Tel-Caroline/nabil2/nabil-2-17.wav,nabil
audio/Tel-Caroline/nabil2/nabil-2-34.wav,nabil
audio/Tel-Caroline/nabil/nabil-53.wav,nabil
audio/Tel-Andrea/nabil3/nabil-3-03.wav,nabil
audio/Tel-Andrea/nabil3/nabil-3-29.wav,nabil
audio/Tel-Andrea/nabil3/nabil-3-17.wav,nabil
audio/Tel-Andrea/nabil3/nabil-3-25.wav,nabil
audio/Tel-Caroline/nabil2/nabil-2-02.wav,nabil
audio/Tel-Caroline/nabil/nabil-04.wav,nabil
audio/Tel-Caroline/nabil/nabil-36.wav,nabil
audio/Tel-Caroline/nabil2/nabil-2-24.wav,nabil
audio/Tel-Andrea/nabil3/nabil-3-52.wav,nabil
audio/Tel-Andrea/nabil3/nabil-3-21.wav,nabil
audio/Tel-Andrea/nabil3/nabil-3-58.wav,nabil
audio/Tel-Andrea/nabil3/nabil-3-54.wav,nabil
audio/Tel-Caroline/nabil2/nabil-2-51.wav,nabil
audio/Tel-Caroline/nabil/nabil-08.wav,nabil
audio/Tel-Caroline/nabil2/nabil-2-04.wav,nabil
audio/Tel-Caroline/nabil/nabil-38.wav,nabil
audio/Tel-Caroline/nabil/nabil-07.wav,nabil
audio/Tel-Caroline/nabil2/nabil-2-12.wav,nabil
audio/Tel-Caroline/nabil2/nabil-2-61.wav,nabil
audio/Tel-Caroline/nabil/nabil-12.wav,nabil
audio/Tel-Caroline/nabil/nabil-28.wav,nabil
audio/Tel-Andrea/nabil3/nabil-3-64.wav,nabil
audio/Tel-Caroline/nabil2/nabil-2-60.wav,nabil
audio/Tel-Caroline/nabil/nabil-47.wav,nabil
audio/Tel-Caroline/nabil/nabil-31.wav,nabil
audio/Tel-Caroline/nabil2/nabil-2-21.wav,nabil
audio/Tel-Caroline/nabil/nabil-26.wav,nabil
audio/Tel-Caroline/nabil2/nabil-2-54.wav,nabil
audio/Tel-Caroline/nabil2/nabil-2-23.wav,nabil
audio/Tel-Caroline/nabil2/nabil-2-66.wav,nabil
audio/Tel-Andrea/nabil3/nabil-3-19.wav,nabil
audio/Tel-Caroline/nabil/nabil-09.wav,nabil
audio/Tel-Andrea/nabil3/nabil-3-57.wav,nabil
audio/Tel-Caroline/nabil/nabil-50.wav,nabil
audio/Tel-Caroline/nabil2/nabil-2-15.wav,nabil
audio/Tel-Caroline/nabil/nabil-20.wav,nabil
audio/Tel-Andrea/nabil3/nabil-3-07.wav,nabil
audio/Tel-Caroline/nabil/nabil-44.wav,nabil
audio/Tel-Caroline/nabil2/nabil-2-26.wav,nabil
audio/Tel-Andrea/nabil3/nabil-3-22.wav,nabil
audio/Tel-Andrea/nabil3/nabil-3-38.wav,nabil
audio/Tel-Andrea/nabil3/nabil-3-35.wav,nabil
audio/Tel-Andrea/nabil3/nabil-3-27.wav,nabil
audio/Tel-Caroline/nabil/nabil-58.wav,nabil
audio/Tel-Caroline/nabil/nabil-32.wav,nabil
audio/Tel-Andrea/nabil3/nabil-3-43.wav,nabil
audio/Tel-Andrea/nabil3/nabil-3-06.wav,nabil
audio/Tel-Caroline/nabil2/nabil-2-68.wav,nabil
audio/Tel-Caroline/nabil/nabil-40.wav,nabil
audio/Tel-Andrea/nabil3/nabil-3-56.wav,nabil
audio/Tel-Caroline/nabil/nabil-56.wav,nabil
audio/Tel-Caroline/nabil/nabil-25.wav,nabil
audio/Tel-Andrea/nabil3/nabil-3-40.wav,nabil
audio/Tel-Caroline/nabil/nabil-55.wav,nabil
audio/Tel-Caroline/nabil2/nabil-2-09.wav,nabil
audio/Tel-Caroline/nabil/nabil-27.wav,nabil
audio/Tel-Andrea/nabil3/nabil-3-09.wav,nabil
audio/Tel-Caroline/nabil/nabil-06.wav,nabil
audio/Tel-Caroline/nabil/nabil-61.wav,nabil
audio/Tel-Caroline/nabil2/nabil-2-32.wav,nabil
audio/Tel-Caroline/nabil2/nabil-2-71.wav,nabil
audio/Tel-Caroline/nabil2/nabil-2-49.wav,nabil
audio/Tel-Caroline/nabil/nabil-33.wav,nabil
audio/Tel-Andrea/nabil3/nabil-3-02.wav,nabil
audio/Tel-Andrea/nabil3/nabil-3-59.wav,nabil
audio/Tel-Caroline/rasim/rasim-11.wav,rasim
audio/Tel-Caroline/rasim/rasim-18.wav,rasim
audio/Tel-Caroline/rasim/rasim-67.wav,rasim
audio/Tel-Caroline/rasim/rasim-45.wav,rasim
audio/Tel-Caroline/rasim/rasim-69.wav,rasim
audio/Tel-Caroline/rasim/rasim-53.wav,rasim
audio/Tel-Caroline/rasim/rasim-37.wav,rasim
audio/Tel-Caroline/rasim/rasim-23.wav,rasim
audio/Tel-Caroline/rasim/rasim-66.wav,rasim
audio/Tel-Caroline/rasim/rasim-55.wav,rasim
audio/Tel-Caroline/rasim/rasim-40.wav,rasim
audio/Tel-Caroline/rasim/rasim-26.wav,rasim
audio/Tel-Caroline/rasim/rasim-47.wav,rasim
audio/Tel-Caroline/rasim/rasim-17.wav,rasim
audio/Tel-Caroline/rasim/rasim-10.wav,rasim
audio/Tel-Caroline/rasim/rasim-63.wav,rasim
audio/Tel-Caroline/rasim/rasim-12.wav,rasim
audio/Tel-Caroline/rasim/rasim-01.wav,rasim
audio/Tel-Caroline/rasim/rasim-72.wav,rasim
audio/Tel-Caroline/rasim/rasim-39.wav,rasim
audio/Tel-Caroline/rasim/rasim-50.wav,rasim
audio/Tel-Caroline/rasim/rasim-48.wav,rasim
audio/Tel-Caroline/rasim/rasim-02.wav,rasim
audio/Tel-Caroline/rasim/rasim-43.wav,rasim
audio/Tel-Caroline/rasim/rasim-61.wav,rasim
audio/Tel-Caroline/rasim/rasim-06.wav,rasim
audio/Tel-Caroline/rasim/rasim-54.wav,rasim
audio/Tel-Caroline/rasim/rasim-51.wav,rasim
audio/Tel-Caroline/rasim/rasim-46.wav,rasim
audio/Tel-Caroline/rasim/rasim-27.wav,rasim
audio/Tel-Caroline/rasim/rasim-60.wav,rasim
audio/Tel-Caroline/rasim/rasim-22.wav,rasim
audio/Tel-Caroline/rasim/rasim-58.wav,rasim
audio/Tel-Caroline/rasim/rasim-21.wav,rasim
audio/Tel-Caroline/rasim/rasim-13.wav,rasim
audio/Tel-Caroline/rasim/rasim-57.wav,rasim
audio/Tel-Caroline/rasim/rasim-68.wav,rasim
audio/Tel-Caroline/rasim/rasim-09.wav,rasim
audio/Tel-Caroline/rasim/rasim-29.wav,rasim
audio/Tel-Caroline/rasim/rasim-03.wav,rasim
audio/Tel-Caroline/rasim/rasim-44.wav,rasim
audio/Tel-Caroline/rasim/rasim-07.wav,rasim
audio/Tel-Caroline/rasim/rasim-70.wav,rasim
audio/Tel-Caroline/rasim/rasim-65.wav,rasim
audio/Tel-Caroline/rasim/rasim-33.wav,rasim
audio/Tel-Caroline/rasim/rasim-25.wav,rasim
audio/Tel-Caroline/rasim/rasim-64.wav,rasim
audio/Tel-Caroline/rasim/rasim-52.wav,rasim
audio/Tel-Caroline/rasim/rasim-35.wav,rasim
audio/Tel-Caroline/rasim/rasim-73.wav,rasim
audio/Tel-Caroline/rasim/rasim-42.wav,rasim
